<?xml version="1.0" encoding="UTF-8" ?>
<!DOCTYPE mapper PUBLIC "-//mybatis.org//DTD Mapper 3.0//EN" "http://mybatis.org/dtd/mybatis-3-mapper.dtd">
<mapper namespace="com.mycom.myboard.dao.BoardDao">

	<select id="boardList" parameterType="map"
		resultType="com.mycom.myboard.dto.BoardDto">
		SELECT b.BOARD_ID as boardId, b.USER_SEQ as userSeq, u.USER_NAME as userName,
		u.USER_PROFILE_IMAGE_URL as userProfileImageUrl,
		b.TITLE as title, b.CONTENT as content, b.REG_DT as regDt, b.READ_COUNT as readCOUNT
		FROM BOARD b, USER u
		WHERE b.USER_SEQ = u.USER_SEQ
		ORDER BY b.BOARD_ID DESC
		LIMIT #{limit} OFFSET #{offset}
	</select>
	
	<select id="boardListTotalCount" resultType="int">
	SELECT COUNT(*) FROM BOARD
	</select>
	
	<select id="boardListSearchWord" parameterType="map" resultType="com.mycom.myboard.dto.BoardDto">
	SELECT b.BOARD_ID as boardId, b.USER_SEQ as userSeq, u.USER_NAME as userName,
		u.USER_PROFILE_IMAGE_URL as userProfileImageUrl,
		b.TITLE as title, b.CONTENT as content, b.REG_DT as regDt, b.READ_COUNT as readCOUNT
		FROM BOARD b, USER u
		WHERE b.USER_SEQ = u.USER_SEQ
		AND b.TITLE LIKE CONCAT('%', #{searchWord} , '%')
		ORDER BY b.BOARD_ID DESC
		LIMIT #{limit} OFFSET #{offset}
	</select>
	
	<select id="boardListSearchWordTotalCount"  parameterType="string" resultType="int">
	SELECT COUNT(*)
	FROM BOARD
	WHERE TITLE LIKE CONCAT('%', #{searchWord}, '%')
	</select>
	
	<insert id="boardInsert" parameterType="com.mycom.myboard.dto.BoardDto" useGeneratedKeys="true" keyProperty="boardId">
	INSERT INTO BOARD ( USER_SEQ, TITLE, CONTENT, REG_DT, READ_COUNT )
				VALUES ( #{userSeq}, #{title}, #{content}, now(), 0 )
	</insert>
	
	<insert id="boardFileInsert" parameterType="com.mycom.myboard.dto.BoardFileDto" useGeneratedKeys="true" keyProperty="boardId">
	INSERT INTO BOARD_FILE ( BOARD_ID, FILE_NAME, FILE_SIZE, FILE_CONTENT_TYPE, FILE_URL )
				VALUES ( #{boardId}, #{fileName}, #{fileSize}, #{fileContentType}, #{fileUrl})
	</insert>
	
</mapper>