<?xml version="1.0" encoding="UTF-8" ?>
<!DOCTYPE mapper PUBLIC "-//mybatis.org//DTD Mapper 3.0//EN" "http://mybatis.org/dtd/mybatis-3-mapper.dtd"> 
<mapper namespace="com.mycom.myboard.dao.BoardDao">

	<insert id="boardInsert" parameterType="com.mycom.myboard.dto.BoardDto" useGeneratedKeys="true" keyProperty="boardId">
		INSERT INTO BOARD ( USER_SEQ, TITLE, CONTENT, REG_DT, READ_COUNT )
		            VALUES ( #{userSeq}, #{title}, #{content}, now(), 0 )
	</insert>
	
	<insert id="boardFileInsert" parameterType="com.mycom.myboard.dto.BoardFileDto">
		INSERT INTO BOARD_FILE ( BOARD_ID, FILE_NAME, FILE_SIZE, FILE_CONTENT_TYPE, FILE_URL )
		            VALUES ( #{boardId}, #{fileName}, #{fileSize}, #{fileContentType}, #{fileUrl} )
	</insert>
	
	<!-- reg_dt : LocalDateTime, check out BoardDto setter  -->
	<select id="boardList" parameterType="map" resultType="com.mycom.myboard.dto.BoardDto">
		SELECT b.BOARD_ID as boardId, b.USER_SEQ as userSeq, u.USER_NAME as userName, 
		       u.USER_PROFILE_IMAGE_URL as userProfileImageUrl,
		  	   b.TITLE as title, b.CONTENT as content, b.REG_DT as regDt, b.READ_COUNT as readCount
		  FROM BOARD b, USER u
		 WHERE b.USER_SEQ = u.USER_SEQ
		 ORDER BY b.BOARD_ID DESC
		 LIMIT #{limit} OFFSET #{offset}
	</select>
	
	<select id="boardListTotalCount" resultType="int">
		SELECT COUNT(*) FROM BOARD
	</select>
	
	<select id="boardListSearchWord" parameterType="map" resultType="com.mycom.myboard.dto.BoardDto">
		SELECT b.BOARD_ID as boardId, b.USER_SEQ as userSeq, u.USER_NAME as userName, 
		       u.USER_PROFILE_IMAGE_URL as userProfileImageUrl,
		  	   b.TITLE as title, b.CONTENT as content, b.REG_DT as regDt, b.READ_COUNT as readCount
		  FROM BOARD b, USER u
		  WHERE b.USER_SEQ = u.USER_SEQ
		    AND b.TITLE LIKE CONCAT('%', #{searchWord} ,'%')
		  ORDER BY b.BOARD_ID DESC
		  LIMIT #{limit} OFFSET #{offset}
	</select>
	
	<select id="boardListSearchWordTotalCount" parameterType="string" resultType="int">
		SELECT COUNT(*)
		  FROM BOARD
		 WHERE TITLE LIKE CONCAT('%', #{searchWord} ,'%')
	</select>
	
	<update id="boardUpdate" parameterType="com.mycom.myboard.dto.BoardDto">
		UPDATE BOARD
		   SET TITLE = #{title},
		   CONTENT   = #{content}
		 WHERE BOARD_ID = #{boardId}
	</update>
	
	<delete id="boardDelete" parameterType="int">
		DELETE FROM BOARD WHERE BOARD_ID = #{boardId}
	</delete>
	
	<delete id="boardFileDelete" parameterType="int">
		DELETE FROM BOARD_FILE WHERE BOARD_ID = #{boardId}
	</delete>
	
	<select id="boardFileUrlDeleteList" parameterType="int" resultType="string">
		SELECT FILE_URL as fileUrl FROM BOARD_FILE WHERE BOARD_ID = #{boardId}
	</select>
		
	
	
	

	<select id="boardDetail" parameterType="int" resultType="com.mycom.myboard.dto.BoardDto">
		SELECT b.BOARD_ID as boardId, b.USER_SEQ as userSeq, u.USER_NAME as userName, u.USER_PROFILE_IMAGE_URL as userProfileImageUrl,
			   b.TITLE as title, b.CONTENT as content, b.REG_DT as regDt, b.READ_COUNT as readCount
		  FROM BOARD b, USER u
		 WHERE b.BOARD_ID = #{boardId}
		   AND b.USER_SEQ = u.USER_SEQ
	</select>
	
	<select id="boardDetailFileList" parameterType="int" resultType="com.mycom.myboard.dto.BoardFileDto">
		SELECT BOARD_ID as boardId, FILE_ID as fileId, FILE_NAME as fileName, FILE_SIZE as fileSize, FILE_CONTENT_TYPE as fileContentType, 
		       FILE_URL as fileUrl, REG_DT as regDt
		  FROM BOARD_FILE
		 WHERE BOARD_ID = #{boardId}
	</select>
	
	<!-- Dao use Dto -->
	<select id="boardUserReadCount" parameterType="map" resultType="int">
		SELECT count(*) FROM board_user_read WHERE board_id = #{boardId} and user_seq = #{userSeq}
	</select>
	
	<!-- Dao use @param -->
	<insert id="boardUserReadInsert" parameterType="map">
		INSERT INTO board_user_read ( board_id, user_seq )
		            VALUES ( #{boardId}, #{userSeq} )
	</insert>
	
	<update id="boardReadCountUpdate" parameterType="int">
		UPDATE board set READ_COUNT = READ_COUNT + 1
		 WHERE BOARD_ID = #{boardId}
	</update>
	
	<update id="boardReadCountDelete" parameterType="int">
		DELETE FROM board_user_read WHERE BOARD_ID = #{boardId}
	</update>
	
	

</mapper>






