<?xml version="1.0" encoding="UTF-8" ?>
<!DOCTYPE mapper PUBLIC "-//mybatis.org//DTD Mapper 3.0//EN" "http://mybatis.org/dtd/mybatis-3-mapper.dtd"> 

<mapper namespace="com.mycom.mybatis.dao.MyBatisDao">

    <select id="empDetail" parameterType="int" resultType="com.mycom.mybatis.dto.EmpDto">
        select employeeId, first_name firstName, last_name lastName, email, hiredate 
          from emp where employeeId = #{employeeId}
    </select>

	<select id="empList" resultType="com.mycom.mybatis.dto.EmpDto">
		select employeeId, first_name firstName, last_name lastName, email, hiredate
		from emp 
	</select>

	<insert id="empInsert" parameterType="com.mycom.mybatis.dto.EmpDto">
		insert into emp ( employeeId, first_name, last_name, email, hiredate )
		values ( #{employeeId}, #{firstName}, #{lastName}, #{email}, #{hireDate}) 
	</insert>

	<update id="empUpdate" parameterType="com.mycom.mybatis.dto.EmpDto">
		update emp
		set first_name = #{firstName}
			,last_name = #{lastName}
			,email = #{email}
			,hiredate = #{hireDate}
		where employeeId = #{employeeId} 
	</update>

	<delete id="empDelete" parameterType="int">
		delete from emp 
		where employeeId = #{employeeId} 
	</delete>

</mapper>